{
  "objective_presets": {
    "4x": {
      "x": 2518,
      "y": 1293,
      "size": 19,
      "mm_per_px_x": 0.0008625000000000001,
      "mm_per_px_y": 0.0008625000000000001
    },
    "10x": {
      "x": 2624,
      "y": 1294,
      "size": 20,
      "mm_per_px_x": 0.00034500000000000004,
      "mm_per_px_y": 0.00034500000000000004
    },
    "50x": {
      "x": 2588,
      "y": 1329,
      "size": 32,
      "mm_per_px_x": 6.900000000000001e-05,
      "mm_per_px_y": 6.900000000000001e-05
    }
  },
  "goto_settings": {
    "goto_velocity_mm_s": 0.5,
    "corr_xp_mm": 0.0,
    "corr_xm_mm": 0.0,
    "corr_yp_mm": 0.0,
    "corr_ym_mm": 0.0
  }
}