{
  "objective_presets": {
    "4x": {
      "x": 2623,
      "y": 1293,
      "size": 19,
      "mm_per_px_x": 0.0008625000000000001,
      "mm_per_px_y": 0.0008625000000000001
    },
    "10x": {
      "x": 2624,
      "y": 1294,
      "size": 20,
      "mm_per_px_x": 0.00034500000000000004,
      "mm_per_px_y": 0.00034500000000000004
    },
    "50x": {
      "x": 2588,
      "y": 1329,
      "size": 32,
      "mm_per_px_x": 6.9e-05,
      "mm_per_px_y": 6.9e-05
    }
  }
}